id,name,contact
4,Electronixx,electro_nixx@example.com
5,Notebook4U,notebook4u@example.org
7,Monitorize EV,monitorev@example.org
9,BottleMania,bottlemania@example.com
10,Aura,aura-co@example.com
11,Akea,akea-furniture@example.org
12,SoundTex,soundddtex@example.com
